/*
 Navicat Premium Data Transfer

 Source Server         : 本地
 Source Server Type    : MySQL
 Source Server Version : 80029
 Source Host           : localhost:3306
 Source Schema         : getout

 Target Server Type    : MySQL
 Target Server Version : 80029
 File Encoding         : 65001

 Date: 01/11/2022 15:22:46
*/

SET NAMES utf8mb4;
SET FOREIGN_KEY_CHECKS = 0;

-- ----------------------------
-- Table structure for this_http
-- ----------------------------
DROP TABLE IF EXISTS `this_http`;
CREATE TABLE `this_http`  (
  `id` int NOT NULL AUTO_INCREMENT COMMENT '主键',
  `request_uri` varchar(255) CHARACTER SET utf8mb4 COLLATE utf8mb4_bin NULL DEFAULT NULL COMMENT '客户端请求行的资源名称',
  `request_url` varchar(500) CHARACTER SET utf8mb4 COLLATE utf8mb4_bin NULL DEFAULT NULL COMMENT '客户端请求的完整的url',
  `remote_addr` varchar(255) CHARACTER SET utf8mb4 COLLATE utf8mb4_bin NOT NULL COMMENT '客户端的ip地址',
  `query_string` varchar(500) CHARACTER SET utf8mb4 COLLATE utf8mb4_bin NULL DEFAULT NULL COMMENT '客户端请求的参数部分',
  `remote_host` varchar(255) CHARACTER SET utf8mb4 COLLATE utf8mb4_bin NOT NULL COMMENT '客户端的请求名',
  `remote_port` varchar(255) CHARACTER SET utf8mb4 COLLATE utf8mb4_bin NOT NULL COMMENT '客户端的端口号',
  `serve_name` varchar(255) CHARACTER SET utf8mb4 COLLATE utf8mb4_bin NOT NULL COMMENT '服务器的主机名称',
  `serve_port` varchar(255) CHARACTER SET utf8mb4 COLLATE utf8mb4_bin NOT NULL COMMENT '服务器的端口号',
  `request_time` timestamp NULL DEFAULT CURRENT_TIMESTAMP ON UPDATE CURRENT_TIMESTAMP COMMENT '请求时间',
  PRIMARY KEY (`id`) USING BTREE
) ENGINE = InnoDB AUTO_INCREMENT = 17 CHARACTER SET = utf8mb4 COLLATE = utf8mb4_bin ROW_FORMAT = Dynamic;

-- ----------------------------
-- Records of this_http
-- ----------------------------

-- ----------------------------
-- Table structure for this_query_product_info
-- ----------------------------
DROP TABLE IF EXISTS `this_query_product_info`;
CREATE TABLE `this_query_product_info`  (
  `id` varchar(255) CHARACTER SET utf8mb4 COLLATE utf8mb4_bin NOT NULL COMMENT '主键',
  `query_url_id` varchar(255) CHARACTER SET utf8mb4 COLLATE utf8mb4_bin NULL DEFAULT NULL COMMENT 'this_query_url主键',
  `product_type` tinyint NULL DEFAULT NULL COMMENT '产品类型（1：箱码；2：瓶码',
  `q_r_code` varchar(255) CHARACTER SET utf8mb4 COLLATE utf8mb4_bin NULL DEFAULT NULL COMMENT '箱码（识别二维码内容）',
  `dm_code` varchar(200) CHARACTER SET utf8mb4 COLLATE utf8mb4_bin NULL DEFAULT NULL COMMENT '瓶盖内码',
  `product_code` varchar(255) CHARACTER SET utf8mb4 COLLATE utf8mb4_bin NULL DEFAULT NULL COMMENT '蜀云产品编码',
  `product_name` varchar(500) CHARACTER SET utf8mb4 COLLATE utf8mb4_bin NULL DEFAULT NULL COMMENT '蜀云产品名称',
  `time` timestamp NULL DEFAULT CURRENT_TIMESTAMP ON UPDATE CURRENT_TIMESTAMP COMMENT '查询时间',
  PRIMARY KEY (`id`) USING BTREE,
  UNIQUE INDEX `query_url_id_index`(`query_url_id` ASC) USING BTREE
) ENGINE = InnoDB CHARACTER SET = utf8mb4 COLLATE = utf8mb4_bin ROW_FORMAT = Dynamic;

-- ----------------------------
-- Records of this_query_product_info
-- ----------------------------
INSERT INTO `this_query_product_info` VALUES ('0c9fc4250c07dbe380c08fa969851ac5', 'bb087f4375b549efb6896a9997e31c72', 2, '7Y.56B3*7:P9CFC42S08N', '65N7Z6UGGH', '310157600042419', '喜力纸箱', '2022-10-28 09:49:58');
INSERT INTO `this_query_product_info` VALUES ('1d4e590d33db40d8d0c016dc09a2873b', '4fdaee2a0210434999180e03e7846727', 2, 'WA9I6987YD1LNZ5WL+NNJ', 'FCT4477HJ1', '310100100040001', '雪花产品纸箱码', '2022-10-27 14:47:14');
INSERT INTO `this_query_product_info` VALUES ('1e23b329b6b82f581479c0a96dcd42dc', '3ec939c62acd4306a96e4ae4bdb720ae', 2, 'HYO-T53RZEE*L8NB2T$QV', 'U2PG6T5HH5', '30000104', '500纯生瓶（隔氧盖）', '2022-10-28 14:48:26');
INSERT INTO `this_query_product_info` VALUES ('250bd3a834b748f9e4d9c7360f38fb2a', 'a2d160b1f7554680bb2dc78961ef9490', 2, 'TSB$4Y-F6.X6+FJ29S-UG', 'XLT82Y6HU9', '310100100040001', '雪花产品纸箱码', '2022-10-27 14:45:00');
INSERT INTO `this_query_product_info` VALUES ('2670cb1471e84c24e464d8c44efbb584', 'cae70e1c85ac4249be6ec70c1b5be3b3', 2, '1$6+0XXOXNK.J9RVSGGKL', '', '1010050204000003', '勇闯500听21版广西刮刮卡', '2022-10-31 14:26:43');
INSERT INTO `this_query_product_info` VALUES ('3412d8212208b5df0752bbc4b8903340', 'c0973cc5f6124ea8b5074825b4664516', 1, '4VW20D$LK$OW-FH*8$787', NULL, NULL, NULL, '2022-10-28 10:06:16');
INSERT INTO `this_query_product_info` VALUES ('34f89103a576003bfe24afcd85238b03', '5e9f9377c9894750ad3b047e06039eaf', 1, '4*2HFQXFK0TIB2+ZX8RT7', NULL, NULL, NULL, '2022-10-28 11:20:43');
INSERT INTO `this_query_product_info` VALUES ('365b53c261f41764db585ed1bb06b9c6', '8c03cf2bbf0343169a2445fdb2c21c3d', 1, '7Y.56B3*7:P9CFC42S08N', NULL, NULL, NULL, '2022-10-28 10:05:53');
INSERT INTO `this_query_product_info` VALUES ('48315d22d9e1ff5f023b0a1abf3d24d1', '1bff625094604c389465525e15740848', 2, '5XTNQJ.7YK44:F4CLHI8S', 'CIT82Y6HLH', '310100100040001', '雪花产品纸箱码', '2022-10-27 14:52:30');
INSERT INTO `this_query_product_info` VALUES ('4f697304fd8b8c808bea078cb039db74', 'e8843d04959a44a6956462d7705490f7', 1, 'VHB2Q5133LR9BX.F1I:2A', NULL, NULL, NULL, '2022-10-28 11:28:22');
INSERT INTO `this_query_product_info` VALUES ('5222462bb979c2aee8eb2834a97971e5', '2a6d2d262613401085a231bf92cfcf05', 1, '7Y.56B3*7:P9CFC42S08N', NULL, NULL, NULL, '2022-10-28 09:51:52');
INSERT INTO `this_query_product_info` VALUES ('616dd139f9b9f0e4eba0925aa8187286', '5a0b0e625d7e449a94160f67d0301dca', 1, 'DFVXEJ9BY:GTWQFK61NI1', NULL, NULL, NULL, '2022-10-28 11:28:44');
INSERT INTO `this_query_product_info` VALUES ('61dc828ee436b0dec807eb917a08520f', 'e28fdbb2b8d9470ba1ba69d9e3c72d8c', 1, 'DFZN9N9ATZS9MQ2CR6*71', NULL, NULL, NULL, '2022-10-28 11:22:16');
INSERT INTO `this_query_product_info` VALUES ('632431446716b99533795dc0d47ec074', '9584e88d1194451298f754ce777389e8', 2, '5XTNQJ.7YK44:F4CLHI8S', 'CIT82Y6HLH', '310100100040001', '雪花产品纸箱码', '2022-10-27 14:44:00');
INSERT INTO `this_query_product_info` VALUES ('895f8846c1aaf0d5319f2f83cb1f47b5', 'e9c01217f14b4501bf5ba8d3d19ed2f6', 1, 'L1C$MDJ:.QDD*.-UM44M0', NULL, NULL, NULL, '2022-10-28 11:21:13');
INSERT INTO `this_query_product_info` VALUES ('8a455a96646307f2247e76b7b0b5928b', '77cb38096e4d4a648c4af428b378bf4e', 1, 'WA-6$RW52A1SOX5YE6H5J', NULL, NULL, NULL, '2022-10-28 11:02:01');
INSERT INTO `this_query_product_info` VALUES ('8c6b47ba9285364bf1272dbf226d7b5f', 'f207d78cebf5477c8a679e4bb5b03a34', 1, 'Y8*O4JGS9JVT97S5068QH', NULL, NULL, NULL, '2022-10-28 11:21:32');
INSERT INTO `this_query_product_info` VALUES ('9445e5780e7a925d464787cffdfc6d37', 'ea637bcb14d44c4ebc90c2ee48c11340', 1, 'UOHBVBV3VF3C6$:ERTVEK', NULL, NULL, NULL, '2022-10-28 11:22:35');
INSERT INTO `this_query_product_info` VALUES ('959780f6990513f6e133adcccecdf2c6', 'a010319ffbcf4654bb4c4e3b2f91ee37', 1, '74FVD*K.:KIMN622Q23RN', NULL, NULL, NULL, '2022-10-28 11:21:51');
INSERT INTO `this_query_product_info` VALUES ('960452281b1bdf28f633e441a17ebece', 'f43424aa62034a8fa3db0b149467bb43', 2, '4VW20D$LK$OW-FH*8$787', '5M13HD4HYG', '310100100040001', '雪花产品纸箱码', '2022-10-28 10:06:28');
INSERT INTO `this_query_product_info` VALUES ('983522db82ad969f85c5b9f084b18334', '653c29baae764caaa90603c53bcc3b20', 2, '$8HLG8::RKXA:ITB8DSUQ', 'R3GGHD4H5A', '31015760004000000', '勇闯天涯superX9度500ml雪花统一标准专用蓝瓶1*12纸箱', '2022-10-31 11:02:45');
INSERT INTO `this_query_product_info` VALUES ('9e47b42e2593e46c3bf177c58223ab26', '79eab2cd977d485593fc8c40e02c2f58', 2, 'R6CN3ZCEY+KVS6S$PHN5P', 'VPD4FJ5HWD', '30000104', '500纯生瓶（隔氧盖）', '2022-10-31 11:34:57');
INSERT INTO `this_query_product_info` VALUES ('aa77dfda89af8a38e58f7bdc71a6fc18', '9b0fc22e803e44e88381abf8d7016ece', 2, 'EM+YACO54U87VOG0PD4GI', '35G92Y6H4S', '310100100040001', '雪花产品纸箱码', '2022-10-27 14:55:15');
INSERT INTO `this_query_product_info` VALUES ('b5bca9959a06efe99fa08f7ded35667b', 'f3fc78a016344d5487ee6b077a50e633', 1, '+IXF5E7VKNW$5J+FTI$QZ', NULL, NULL, NULL, '2022-10-28 11:20:21');
INSERT INTO `this_query_product_info` VALUES ('be48f0ea453d918c9ea2ebf9836d609b', '2f60ca7c10e8408681b887ba6f58a114', 2, 'BGX*N6JIG7UWH0UJT:BS:', 'G8T82Y6H97', '310100100040001', '雪花产品纸箱码', '2022-10-27 14:53:26');
INSERT INTO `this_query_product_info` VALUES ('cb16c3856224d4e4e6e6b458b79accbc', '533dc9bb7e544ad89d93ead8905d0c3b', 1, 'R6JS839F8S2U25WVH9*SP', NULL, NULL, NULL, '2022-10-28 11:28:01');
INSERT INTO `this_query_product_info` VALUES ('cda02a87a2351f6ebf974e8e588b8ab5', '21a6109a6cbc48d699900fcbed2bbefe', 1, '.0E*I*ITG5NMAF3HF9:82', NULL, NULL, NULL, '2022-10-28 11:19:44');
INSERT INTO `this_query_product_info` VALUES ('d0ff9e341cbea129f8ca165edc2819de', '18c0b4008e974d8fb7fb77e2963635b5', 2, 'NH0TQIGNAP:6R6L43PSN-', 'J2JKFUZGWZ', '310157600040000', '勇闯天涯superX9度500ml雪花统一标准专用蓝瓶1*12纸箱', '2022-10-27 17:05:33');
INSERT INTO `this_query_product_info` VALUES ('d3c5c0654c654a2116db7821322b7b92', '0c3689ac404c42babd28a476165acf3e', 1, '+I4KG-4SRXMSXW7:XC7QZ', NULL, NULL, NULL, '2022-10-28 11:29:01');
INSERT INTO `this_query_product_info` VALUES ('f084e7b0b895ee64612e683b29453c7e', '5a17d63ca1bd473c8d7c08ed713953b7', 2, '1$6+0XXOXNK.J9RVSGGKL', '', '1010050204000003', '勇闯500听21版广西刮刮卡', '2022-10-31 14:27:00');
INSERT INTO `this_query_product_info` VALUES ('fda035e99876070e0a6e0f6d4a3e52e9', '574c8cd0a5c84176be146a9582f54315', 2, 'WA9I6987YD1LNZ5WL+NNJ', 'FCT4477HJ1', '310100100040001', '雪花产品纸箱码', '2022-10-27 14:46:04');
INSERT INTO `this_query_product_info` VALUES ('fe272d89e973007574d9777f76b33290', '6c6bbc6e41084b4f8f1570235b109163', 2, '5XTNQJ.7YK44:F4CLHI8S', 'CIT82Y6HLH', '310100100040001', '雪花产品纸箱码', '2022-10-27 14:44:17');

-- ----------------------------
-- Table structure for this_query_url
-- ----------------------------
DROP TABLE IF EXISTS `this_query_url`;
CREATE TABLE `this_query_url`  (
  `id` varchar(255) CHARACTER SET utf8mb4 COLLATE utf8mb4_bin NOT NULL COMMENT '主键',
  `user` varchar(50) CHARACTER SET utf8mb4 COLLATE utf8mb4_bin NULL DEFAULT NULL COMMENT '用户id',
  `url` varchar(500) CHARACTER SET utf8mb4 COLLATE utf8mb4_bin NULL DEFAULT NULL COMMENT '查询内容',
  `product_type` tinyint NULL DEFAULT NULL COMMENT '产品类型（1：箱码；2：瓶码）',
  `type` tinyint NULL DEFAULT NULL COMMENT '查询类型（1：网址查询；2：解析内容查询；3：二维码查询)',
  `result` longtext CHARACTER SET utf8mb4 COLLATE utf8mb4_bin NULL COMMENT '查询结果',
  `success` tinyint NULL DEFAULT NULL COMMENT '查询结果是否成功（1：成功；2：失败）',
  `time` timestamp NULL DEFAULT CURRENT_TIMESTAMP ON UPDATE CURRENT_TIMESTAMP COMMENT '查询时间',
  PRIMARY KEY (`id`) USING BTREE,
  INDEX `url_ndex`(`url` ASC) USING BTREE
) ENGINE = InnoDB CHARACTER SET = utf8mb4 COLLATE = utf8mb4_bin ROW_FORMAT = Dynamic;

-- ----------------------------
-- Records of this_query_url
-- ----------------------------
INSERT INTO `this_query_url` VALUES ('0c3689ac404c42babd28a476165acf3e', NULL, 'https://ty-gateway-common-inter.aax5.cn/wechat/web/gps?account=xhpj_wx00007f560e6313be&redirect_uri=https%3A%2F%2Fty-gateway-access-router.aax5.cn%2Fmss%2Fgps%2FcallbackNext%3Fcode%3Dhttp%253A%252F%252Faax5.cn%252FB%252F%252BI4KG-4SRXMSXW7%253AXC7QZ', 1, 1, '{该二维码解析的内容为=http://aax5.cn/B/+I4KG-4SRXMSXW7:XC7QZ, 该产品二维码为=+I4KG-4SRXMSXW7:XC7QZ}', 0, '2022-10-28 11:29:01');
INSERT INTO `this_query_url` VALUES ('18c0b4008e974d8fb7fb77e2963635b5', NULL, 'https://ty-gateway-common-inter.aax5.cn/wechat/web/gps?account=xhpj_wx00007f560e6313be&redirect_uri=https%3A%2F%2Fty-gateway-access-router.aax5.cn%2Fmss%2Fgps%2FcallbackNext%3Fcode%3Dhttp%253A%252F%252Faax5.cn%252FB%252FNH0TQIGNAP%253A6R6L43PSN-', 2, 1, '{data={\"parent\":\"AU*J0CXA7UPYLS6KIXC0W\",\"productId\":240530228637290496,\"qcount\":5,\"seqNum\":\"1029135464228\",\"destFactoryCode\":\"PLANT_CBZJ0\",\"produceTime\":\"1970-01-20 07:58:17\",\"packLevel\":1,\"isActivated\":1,\"extendProperties\":{\"noticeOrderNo\":\"2021121700114\",\"waiterFirsterTime\":\"2022-10-27 02:02:04\",\"qcount\":\"4\",\"waiterAccount\":\"17764346717\",\"isPrimary\":\"true\",\"storeName\":\"阿東羊肉\",\"marketCenter\":\"浙江营销中心\",\"storeCode\":\"1009047566\"},\"productName\":\"勇闯天涯superX9度500ml雪花统一标准专用蓝瓶1*12纸箱\",\"tagBatchCreateDate\":\"\",\"dmCode\":\"J2JKFUZGWZ\",\"productCode\":\"310157600040000\",\"qrCode\":\"SP6RsJQvQoI6vKYDjS4EDYpsd5SEBQ350MMhNRS-Gr4\",\"entCode\":\"hrxh0008\",\"enterpriseId\":45259876771655680,\"tagBatchId\":\"\",\"status\":70}, 该二维码解析的内容为=http://aax5.cn/B/NH0TQIGNAP:6R6L43PSN-, 该产品二维码为=NH0TQIGNAP:6R6L43PSN-}', 0, '2022-10-27 17:05:35');
INSERT INTO `this_query_url` VALUES ('1bff625094604c389465525e15740848', NULL, 'https://ty-gateway-common-inter.aax5.cn/wechat/web/gps?account=xhpj_wx00007f560e6313be&redirect_uri=https%3A%2F%2Fty-gateway-access-router.aax5.cn%2Fmss%2Fgps%2FcallbackNext%3Fcode%3Dhttp%253A%252F%252Faax5.cn%252FB%252F5XTNQJ.7YK44%253AF4CLHI8S', 2, 1, '{data={\"productId\":210417742840565760,\"qcount\":3,\"seqNum\":\"1040355135656\",\"destFactoryCode\":\"PLANT_CBZJ0\",\"packLevel\":2,\"isActivated\":1,\"extendProperties\":{\"noticeOrderNo\":\"DD2022083010012_01\",\"qcount\":\"2\",\"activeType\":\"1\"},\"productName\":\"雪花产品纸箱码\",\"tagBatchCreateDate\":\"\",\"dmCode\":\"CIT82Y6HLH\",\"productCode\":\"310100100040001\",\"qrCode\":\"1D3SmANMnF6xh0cVsKg0KjuNPMt0c_bjOmTrU9nJQiM\",\"entCode\":\"hrxh0008\",\"enterpriseId\":45259876771655680,\"tagBatchId\":\"\",\"status\":70}, 该二维码解析的内容为=http://aax5.cn/B/5XTNQJ.7YK44:F4CLHI8S, 该产品二维码为=5XTNQJ.7YK44:F4CLHI8S}', 0, '2022-10-27 14:52:30');
INSERT INTO `this_query_url` VALUES ('21a6109a6cbc48d699900fcbed2bbefe', NULL, 'https://ty-gateway-common-inter.aax5.cn/wechat/web/gps?account=xhpj_wx00007f560e6313be&redirect_uri=https%3A%2F%2Fty-gateway-access-router.aax5.cn%2Fmss%2Fgps%2FcallbackNext%3Fcode%3Dhttp%253A%252F%252Faax5.cn%252FB%252F.0E*I*ITG5NMAF3HF9%253A82', 1, 1, '{该二维码解析的内容为=http://aax5.cn/B/.0E*I*ITG5NMAF3HF9:82, 该产品二维码为=.0E*I*ITG5NMAF3HF9:82}', 0, '2022-10-28 11:19:45');
INSERT INTO `this_query_url` VALUES ('2a6d2d262613401085a231bf92cfcf05', NULL, 'https://ty-gateway-common-inter.aax5.cn/wechat/web/gps?account=xhpj_wx00007f560e6313be&redirect_uri=https%3A%2F%2Fty-gateway-access-router.aax5.cn%2Fmss%2Fgps%2FcallbackNext%3Fcode%3Dhttp%253A%252F%252Faax5.cn%252FB%252F7Y.56B3*7%253AP9CFC42S08N', 1, 1, '{该二维码解析的内容为=http://aax5.cn/B/7Y.56B3*7:P9CFC42S08N, 该产品二维码为=7Y.56B3*7:P9CFC42S08N}', 0, '2022-10-28 09:51:52');
INSERT INTO `this_query_url` VALUES ('2f60ca7c10e8408681b887ba6f58a114', NULL, 'https://ty-gateway-common-inter.aax5.cn/wechat/web/gps?account=xhpj_wx00007f560e6313be&redirect_uri=https%3A%2F%2Fty-gateway-access-router.aax5.cn%2Fmss%2Fgps%2FcallbackNext%3Fcode%3Dhttp%253A%252F%252Faax5.cn%252FB%252FBGX*N6JIG7UWH0UJT%253ABS%253A', 2, 1, '{data={\"productId\":210417742840565760,\"qcount\":1,\"seqNum\":\"1040355135310\",\"destFactoryCode\":\"PLANT_CBZJ0\",\"packLevel\":2,\"isActivated\":1,\"extendProperties\":{\"noticeOrderNo\":\"DD2022083010012_01\",\"activeType\":\"1\"},\"productName\":\"雪花产品纸箱码\",\"tagBatchCreateDate\":\"\",\"dmCode\":\"G8T82Y6H97\",\"productCode\":\"310100100040001\",\"qrCode\":\"X9OpTb5VHycU8L9kpqM55DLUIHsjuy8HHD0jF0wimWs\",\"entCode\":\"hrxh0008\",\"enterpriseId\":45259876771655680,\"tagBatchId\":\"\",\"status\":1}, 该二维码解析的内容为=http://aax5.cn/B/BGX*N6JIG7UWH0UJT:BS:, 该产品二维码为=BGX*N6JIG7UWH0UJT:BS:}', 0, '2022-10-27 14:53:26');
INSERT INTO `this_query_url` VALUES ('3ec939c62acd4306a96e4ae4bdb720ae', NULL, 'https://ty-gateway-common-inter.aax5.cn/wechat/web/gps?account=xhpj_wx00007f560e6313be&redirect_uri=https%3A%2F%2Fty-gateway-access-router.aax5.cn%2Fmss%2Fgps%2FcallbackNext%3Fcode%3Dhttp%253A%252F%252Faax5.cn%252FB%252FHYO-T53RZEE*L8NB2T%2524QV', 2, 1, '{data={\"productId\":297119291125096448,\"qcount\":5,\"seqNum\":\"1038260600714\",\"destFactoryCode\":\"PLANT_CBSE0\",\"packLevel\":1,\"isActivated\":1,\"extendProperties\":{\"noticeOrderNo\":\"DD2022070810057_01\",\"waiterFirsterTime\":\"2022-10-27 13:12:36\",\"qcount\":\"4\",\"activeType\":\"1\",\"waiterAccount\":\"13550022697\",\"isPrimary\":\"true\",\"marketCenter\":\"四川营销中心\",\"storeName\":\"张记木桶鱼\",\"storeCode\":\"1009589190\"},\"productName\":\"500纯生瓶（隔氧盖）\",\"tagBatchCreateDate\":\"\",\"dmCode\":\"U2PG6T5HH5\",\"productCode\":\"30000104\",\"qrCode\":\"66hhUEOVM2Y315lBxA_r3QE82MyrAB_qmOaHUMJYARw\",\"entCode\":\"hrxh0008\",\"enterpriseId\":45259876771655680,\"tagBatchId\":\"\",\"status\":70}, 该二维码解析的内容为=http://aax5.cn/B/HYO-T53RZEE*L8NB2T$QV, 该产品二维码为=HYO-T53RZEE*L8NB2T$QV}', 0, '2022-10-28 14:48:28');
INSERT INTO `this_query_url` VALUES ('4fdaee2a0210434999180e03e7846727', NULL, 'https://ty-gateway-common-inter.aax5.cn/wechat/web/gps?account=xhpj_wx00007f560e6313be&redirect_uri=https%3A%2F%2Fty-gateway-access-router.aax5.cn%2Fmss%2Fgps%2FcallbackNext%3Fcode%3Dhttp%253A%252F%252Faax5.cn%252FB%252FWA9I6987YD1LNZ5WL%252BNNJ', 2, 1, '{data={\"productId\":210417742840565760,\"qcount\":2,\"seqNum\":\"1040778140199\",\"destFactoryCode\":\"PLANT_CBWZ0\",\"packLevel\":2,\"isActivated\":1,\"extendProperties\":{\"noticeOrderNo\":\"DD2022091210004_01\",\"qcount\":\"1\",\"activeType\":\"1\"},\"productName\":\"雪花产品纸箱码\",\"tagBatchCreateDate\":\"\",\"dmCode\":\"FCT4477HJ1\",\"productCode\":\"310100100040001\",\"qrCode\":\"RfncZ35VXAKZ9O5J8GEerG2nNMQ_hvnDmliC_dvi_Yw\",\"entCode\":\"hrxh0008\",\"enterpriseId\":45259876771655680,\"tagBatchId\":\"\",\"status\":70}, 该二维码解析的内容为=http://aax5.cn/B/WA9I6987YD1LNZ5WL+NNJ, 该产品二维码为=WA9I6987YD1LNZ5WL+NNJ}', 0, '2022-10-27 14:47:14');
INSERT INTO `this_query_url` VALUES ('533dc9bb7e544ad89d93ead8905d0c3b', NULL, 'https://ty-gateway-common-inter.aax5.cn/wechat/web/gps?account=xhpj_wx00007f560e6313be&redirect_uri=https%3A%2F%2Fty-gateway-access-router.aax5.cn%2Fmss%2Fgps%2FcallbackNext%3Fcode%3Dhttp%253A%252F%252Faax5.cn%252FB%252FR6JS839F8S2U25WVH9*SP', 1, 1, '{该二维码解析的内容为=http://aax5.cn/B/R6JS839F8S2U25WVH9*SP, 该产品二维码为=R6JS839F8S2U25WVH9*SP}', 0, '2022-10-28 11:28:01');
INSERT INTO `this_query_url` VALUES ('574c8cd0a5c84176be146a9582f54315', NULL, 'https://ty-gateway-common-inter.aax5.cn/wechat/web/gps?account=xhpj_wx00007f560e6313be&redirect_uri=https%3A%2F%2Fty-gateway-access-router.aax5.cn%2Fmss%2Fgps%2FcallbackNext%3Fcode%3Dhttp%253A%252F%252Faax5.cn%252FB%252FWA9I6987YD1LNZ5WL%252BNNJ', 2, 1, '{data={\"productId\":210417742840565760,\"qcount\":1,\"seqNum\":\"1040778140199\",\"destFactoryCode\":\"PLANT_CBWZ0\",\"packLevel\":2,\"isActivated\":1,\"extendProperties\":{\"noticeOrderNo\":\"DD2022091210004_01\",\"activeType\":\"1\"},\"productName\":\"雪花产品纸箱码\",\"tagBatchCreateDate\":\"\",\"dmCode\":\"FCT4477HJ1\",\"productCode\":\"310100100040001\",\"qrCode\":\"RfncZ35VXAKZ9O5J8GEerG2nNMQ_hvnDmliC_dvi_Yw\",\"entCode\":\"hrxh0008\",\"enterpriseId\":45259876771655680,\"tagBatchId\":\"\",\"status\":1}, 该二维码解析的内容为=http://aax5.cn/B/WA9I6987YD1LNZ5WL+NNJ, 该产品二维码为=WA9I6987YD1LNZ5WL+NNJ}', 0, '2022-10-27 14:46:05');
INSERT INTO `this_query_url` VALUES ('5a0b0e625d7e449a94160f67d0301dca', NULL, 'https://ty-gateway-common-inter.aax5.cn/wechat/web/gps?account=xhpj_wx00007f560e6313be&redirect_uri=https%3A%2F%2Fty-gateway-access-router.aax5.cn%2Fmss%2Fgps%2FcallbackNext%3Fcode%3Dhttp%253A%252F%252Faax5.cn%252FB%252FDFVXEJ9BY%253AGTWQFK61NI1', 1, 1, '{该二维码解析的内容为=http://aax5.cn/B/DFVXEJ9BY:GTWQFK61NI1, 该产品二维码为=DFVXEJ9BY:GTWQFK61NI1}', 0, '2022-10-28 11:28:44');
INSERT INTO `this_query_url` VALUES ('5a17d63ca1bd473c8d7c08ed713953b7', NULL, 'HTTP://aax5.cn/B/1$6+0XXOXNK.J9RVSGGKL', 2, 2, '{data={\"productId\":356865690066042880,\"qcount\":5,\"destFactoryCode\":\"PLANT_CBGX0\",\"packLevel\":1,\"isActivated\":1,\"extendProperties\":{\"noticeOrderNo\":\"DD2022060210048_01\",\"marketPlatCode\":\"111940549314416681\",\"qcount\":\"4\",\"lng\":\"108.36689\",\"province\":\"广西壮族自治区\",\"activeType\":\"1\",\"city\":\"南宁市\",\"district\":\"青秀区\",\"cusFirstScanTime\":\"2022-10-31 14:00:01\",\"lat\":\"22.817436\"},\"productName\":\"勇闯500听21版广西刮刮卡\",\"tagBatchCreateDate\":\"\",\"dmCode\":\"\",\"productCode\":\"1010050204000003\",\"qrCode\":\"ka8Uwb1cxzHl-aMeVCu95OUr7oyEsAGrvpJLuNED7pY\",\"entCode\":\"hrxh0008\",\"enterpriseId\":45259876771655680,\"tagBatchId\":\"\",\"status\":70}, 该产品二维码为=1$6+0XXOXNK.J9RVSGGKL}', 0, '2022-10-31 14:27:00');
INSERT INTO `this_query_url` VALUES ('5e9f9377c9894750ad3b047e06039eaf', NULL, 'https://ty-gateway-common-inter.aax5.cn/wechat/web/gps?account=xhpj_wx00007f560e6313be&redirect_uri=https%3A%2F%2Fty-gateway-access-router.aax5.cn%2Fmss%2Fgps%2FcallbackNext%3Fcode%3Dhttp%253A%252F%252Faax5.cn%252FB%252F4*2HFQXFK0TIB2%252BZX8RT7', 1, 1, '{该二维码解析的内容为=http://aax5.cn/B/4*2HFQXFK0TIB2+ZX8RT7, 该产品二维码为=4*2HFQXFK0TIB2+ZX8RT7}', 0, '2022-10-28 11:20:44');
INSERT INTO `this_query_url` VALUES ('653c29baae764caaa90603c53bcc3b20', NULL, 'https://ty-gateway-common-inter.aax5.cn/wechat/web/gps?account=xhpj_wx00007f560e6313be&redirect_uri=https%3A%2F%2Fty-gateway-access-router.aax5.cn%2Fmss%2Fgps%2FcallbackNext%3Fcode%3Dhttp%253A%252F%252Faax5.cn%252FB%252F%25248HLG8%253A%253ARKXA%253AITB8DSUQ', 2, 1, '{data={\"parent\":\"WAH.OEE+4*GWKECTCC5DJ\",\"productId\":42739696831803392,\"qcount\":5,\"seqNum\":\"1035598480971\",\"destFactoryCode\":\"PLANT_CBZJ0\",\"produceTime\":\"2022-08-05 00:01:45\",\"packLevel\":1,\"isActivated\":1,\"extendProperties\":{\"noticeOrderNo\":\"DD2022051310003_01\",\"waiterFirsterTime\":\"2022-10-31 10:18:37\",\"qcount\":\"4\",\"waiterAccount\":\"15268464525\",\"isPrimary\":\"true\",\"storeName\":\"中水门餐馆（中水门饭馆）\",\"marketCenter\":\"浙江营销中心\",\"storeCode\":\"1017006183\"},\"productName\":\"勇闯天涯superX9度500ml雪花统一标准专用蓝瓶1*12纸箱\",\"tagBatchCreateDate\":\"\",\"dmCode\":\"R3GGHD4H5A\",\"productCode\":\"31015760004000000\",\"qrCode\":\"yOBPw8ulezIyYHR9Ag-gHrA3k-a9lY92QZjm6xUGAMw\",\"entCode\":\"hrxh0008\",\"enterpriseId\":45259876771655680,\"tagBatchId\":\"\",\"status\":70}, 该二维码解析的内容为=http://aax5.cn/B/$8HLG8::RKXA:ITB8DSUQ, 该产品二维码为=$8HLG8::RKXA:ITB8DSUQ}', 0, '2022-10-31 11:02:45');
INSERT INTO `this_query_url` VALUES ('6c6bbc6e41084b4f8f1570235b109163', NULL, 'https://ty-gateway-common-inter.aax5.cn/wechat/web/gps?account=xhpj_wx00007f560e6313be&redirect_uri=https%3A%2F%2Fty-gateway-access-router.aax5.cn%2Fmss%2Fgps%2FcallbackNext%3Fcode%3Dhttp%253A%252F%252Faax5.cn%252FB%252F5XTNQJ.7YK44%253AF4CLHI8S', 2, 1, '{data={\"productId\":210417742840565760,\"qcount\":2,\"seqNum\":\"1040355135656\",\"destFactoryCode\":\"PLANT_CBZJ0\",\"packLevel\":2,\"isActivated\":1,\"extendProperties\":{\"noticeOrderNo\":\"DD2022083010012_01\",\"qcount\":\"1\",\"activeType\":\"1\"},\"productName\":\"雪花产品纸箱码\",\"tagBatchCreateDate\":\"\",\"dmCode\":\"CIT82Y6HLH\",\"productCode\":\"310100100040001\",\"qrCode\":\"1D3SmANMnF6xh0cVsKg0KjuNPMt0c_bjOmTrU9nJQiM\",\"entCode\":\"hrxh0008\",\"enterpriseId\":45259876771655680,\"tagBatchId\":\"\",\"status\":70}, 该二维码解析的内容为=http://aax5.cn/B/5XTNQJ.7YK44:F4CLHI8S, 该产品二维码为=5XTNQJ.7YK44:F4CLHI8S}', 0, '2022-10-27 14:44:17');
INSERT INTO `this_query_url` VALUES ('77cb38096e4d4a648c4af428b378bf4e', NULL, 'https://ty-gateway-common-inter.aax5.cn/wechat/web/gps?account=xhpj_wx00007f560e6313be&redirect_uri=https%3A%2F%2Fty-gateway-access-router.aax5.cn%2Fmss%2Fgps%2FcallbackNext%3Fcode%3Dhttp%253A%252F%252Faax5.cn%252FB%252FWA-6%2524RW52A1SOX5YE6H5J', 1, 1, '{该二维码解析的内容为=http://aax5.cn/B/WA-6$RW52A1SOX5YE6H5J, 该产品二维码为=WA-6$RW52A1SOX5YE6H5J}', 0, '2022-10-28 11:02:01');
INSERT INTO `this_query_url` VALUES ('79eab2cd977d485593fc8c40e02c2f58', NULL, 'https://ty-gateway-common-inter.aax5.cn/wechat/web/gps?account=xhpj_wx00007f560e6313be&redirect_uri=https%3A%2F%2Fty-gateway-access-router.aax5.cn%2Fmss%2Fgps%2FcallbackNext%3Fcode%3Dhttp%253A%252F%252Faax5.cn%252FB%252FR6CN3ZCEY%252BKVS6S%2524PHN5P', 2, 1, '{data={\"productId\":297119291125096448,\"qcount\":4,\"seqNum\":\"1037748359195\",\"destFactoryCode\":\"PLANT_CBSE0\",\"packLevel\":1,\"isActivated\":1,\"extendProperties\":{\"noticeOrderNo\":\"DD2022070110005_01\",\"waiterFirsterTime\":\"2022-10-31 11:26:47\",\"qcount\":\"3\",\"activeType\":\"1\",\"waiterAccount\":\"13880599037\",\"isPrimary\":\"true\",\"marketCenter\":\"四川营销中心\",\"storeName\":\"快活林酒家\",\"storeCode\":\"1002401620\"},\"productName\":\"500纯生瓶（隔氧盖）\",\"tagBatchCreateDate\":\"\",\"dmCode\":\"VPD4FJ5HWD\",\"productCode\":\"30000104\",\"qrCode\":\"r-T3J_VcTgcB3r-koV0jhr1nX_JnP5BUAtzSqA9_XRY\",\"entCode\":\"hrxh0008\",\"enterpriseId\":45259876771655680,\"tagBatchId\":\"\",\"status\":70}, 该二维码解析的内容为=http://aax5.cn/B/R6CN3ZCEY+KVS6S$PHN5P, 该产品二维码为=R6CN3ZCEY+KVS6S$PHN5P}', 0, '2022-10-31 11:34:58');
INSERT INTO `this_query_url` VALUES ('8c03cf2bbf0343169a2445fdb2c21c3d', NULL, 'https://ty-gateway-common-inter.aax5.cn/wechat/web/gps?account=xhpj_wx00007f560e6313be&redirect_uri=https%3A%2F%2Fty-gateway-access-router.aax5.cn%2Fmss%2Fgps%2FcallbackNext%3Fcode%3Dhttp%253A%252F%252Faax5.cn%252FB%252F7Y.56B3*7%253AP9CFC42S08N', 1, 1, '{该二维码解析的内容为=http://aax5.cn/B/7Y.56B3*7:P9CFC42S08N, 该产品二维码为=7Y.56B3*7:P9CFC42S08N}', 0, '2022-10-28 10:05:54');
INSERT INTO `this_query_url` VALUES ('9584e88d1194451298f754ce777389e8', NULL, 'https://ty-gateway-common-inter.aax5.cn/wechat/web/gps?account=xhpj_wx00007f560e6313be&redirect_uri=https%3A%2F%2Fty-gateway-access-router.aax5.cn%2Fmss%2Fgps%2FcallbackNext%3Fcode%3Dhttp%253A%252F%252Faax5.cn%252FB%252F5XTNQJ.7YK44%253AF4CLHI8S', 2, 1, '{data={\"productId\":210417742840565760,\"qcount\":1,\"seqNum\":\"1040355135656\",\"destFactoryCode\":\"PLANT_CBZJ0\",\"packLevel\":2,\"isActivated\":1,\"extendProperties\":{\"noticeOrderNo\":\"DD2022083010012_01\",\"activeType\":\"1\"},\"productName\":\"雪花产品纸箱码\",\"tagBatchCreateDate\":\"\",\"dmCode\":\"CIT82Y6HLH\",\"productCode\":\"310100100040001\",\"qrCode\":\"1D3SmANMnF6xh0cVsKg0KjuNPMt0c_bjOmTrU9nJQiM\",\"entCode\":\"hrxh0008\",\"enterpriseId\":45259876771655680,\"tagBatchId\":\"\",\"status\":1}, 该二维码解析的内容为=http://aax5.cn/B/5XTNQJ.7YK44:F4CLHI8S, 该产品二维码为=5XTNQJ.7YK44:F4CLHI8S}', 0, '2022-10-27 14:44:00');
INSERT INTO `this_query_url` VALUES ('9b0fc22e803e44e88381abf8d7016ece', NULL, 'https://ty-gateway-common-inter.aax5.cn/wechat/web/gps?account=xhpj_wx00007f560e6313be&redirect_uri=https%3A%2F%2Fty-gateway-access-router.aax5.cn%2Fmss%2Fgps%2FcallbackNext%3Fcode%3Dhttp%253A%252F%252Faax5.cn%252FB%252FEM%252BYACO54U87VOG0PD4GI', 2, 1, '{data={\"productId\":210417742840565760,\"qcount\":1,\"seqNum\":\"1040355162142\",\"destFactoryCode\":\"PLANT_CBZJ0\",\"packLevel\":2,\"isActivated\":1,\"extendProperties\":{\"noticeOrderNo\":\"DD2022083010012_01\",\"activeType\":\"1\"},\"productName\":\"雪花产品纸箱码\",\"tagBatchCreateDate\":\"\",\"dmCode\":\"35G92Y6H4S\",\"productCode\":\"310100100040001\",\"qrCode\":\"ba2-lyKK47Zt9rg0ybtMD15EutzCvWnkE_vFv8QNorg\",\"entCode\":\"hrxh0008\",\"enterpriseId\":45259876771655680,\"tagBatchId\":\"\",\"status\":1}, 该二维码解析的内容为=http://aax5.cn/B/EM+YACO54U87VOG0PD4GI, 该产品二维码为=EM+YACO54U87VOG0PD4GI}', 0, '2022-10-27 14:55:15');
INSERT INTO `this_query_url` VALUES ('a010319ffbcf4654bb4c4e3b2f91ee37', NULL, 'https://ty-gateway-common-inter.aax5.cn/wechat/web/gps?account=xhpj_wx00007f560e6313be&redirect_uri=https%3A%2F%2Fty-gateway-access-router.aax5.cn%2Fmss%2Fgps%2FcallbackNext%3Fcode%3Dhttp%253A%252F%252Faax5.cn%252FB%252F74FVD*K.%253AKIMN622Q23RN', 1, 1, '{该二维码解析的内容为=http://aax5.cn/B/74FVD*K.:KIMN622Q23RN, 该产品二维码为=74FVD*K.:KIMN622Q23RN}', 0, '2022-10-28 11:21:51');
INSERT INTO `this_query_url` VALUES ('a2d160b1f7554680bb2dc78961ef9490', NULL, 'https://ty-gateway-common-inter.aax5.cn/wechat/web/gps?account=xhpj_wx00007f560e6313be&redirect_uri=https%3A%2F%2Fty-gateway-access-router.aax5.cn%2Fmss%2Fgps%2FcallbackNext%3Fcode%3Dhttp%253A%252F%252Faax5.cn%252FB%252FTSB%25244Y-F6.X6%252BFJ29S-UG', 2, 1, '{data={\"productId\":210417742840565760,\"qcount\":1,\"seqNum\":\"1040355135782\",\"destFactoryCode\":\"PLANT_CBZJ0\",\"packLevel\":2,\"isActivated\":1,\"extendProperties\":{\"noticeOrderNo\":\"DD2022083010012_01\",\"activeType\":\"1\"},\"productName\":\"雪花产品纸箱码\",\"tagBatchCreateDate\":\"\",\"dmCode\":\"XLT82Y6HU9\",\"productCode\":\"310100100040001\",\"qrCode\":\"Vx42Mfw_wGS2emPqe0DAb3n1xhztMJbMQUOSGPQz3es\",\"entCode\":\"hrxh0008\",\"enterpriseId\":45259876771655680,\"tagBatchId\":\"\",\"status\":1}, 该二维码解析的内容为=http://aax5.cn/B/TSB$4Y-F6.X6+FJ29S-UG, 该产品二维码为=TSB$4Y-F6.X6+FJ29S-UG}', 0, '2022-10-27 14:45:01');
INSERT INTO `this_query_url` VALUES ('bb087f4375b549efb6896a9997e31c72', NULL, 'https://ty-gateway-common-inter.aax5.cn/wechat/web/gps?account=xhpj_wx00007f560e6313be&redirect_uri=https%3A%2F%2Fty-gateway-access-router.aax5.cn%2Fmss%2Fgps%2FcallbackNext%3Fcode%3Dhttp%253A%252F%252Faax5.cn%252FB%252F7Y.56B3*7%253AP9CFC42S08N', 2, 1, '{data={\"productId\":220692732868902912,\"qcount\":1,\"seqNum\":\"1018713071220\",\"destFactoryCode\":\"PLANT_JSGC\",\"packLevel\":2,\"isActivated\":1,\"extendProperties\":{\"noticeOrderNo\":\"2021052201\",\"activeType\":\"1\"},\"productName\":\"喜力纸箱\",\"tagBatchCreateDate\":\"\",\"dmCode\":\"65N7Z6UGGH\",\"productCode\":\"310157600042419\",\"qrCode\":\"1b4gO5W-uIQdTycJxmBvEsH_SAR4_O6GFpFf_IXd0e0\",\"entCode\":\"hrxh0008\",\"enterpriseId\":45259876771655680,\"tagBatchId\":\"\",\"status\":1}, 该二维码解析的内容为=http://aax5.cn/B/7Y.56B3*7:P9CFC42S08N, 该产品二维码为=7Y.56B3*7:P9CFC42S08N}', 0, '2022-10-28 09:49:59');
INSERT INTO `this_query_url` VALUES ('c0973cc5f6124ea8b5074825b4664516', NULL, 'https://ty-gateway-common-inter.aax5.cn/wechat/web/gps?account=xhpj_wx00007f560e6313be&redirect_uri=https%3A%2F%2Fty-gateway-access-router.aax5.cn%2Fmss%2Fgps%2FcallbackNext%3Fcode%3Dhttp%253A%252F%252Faax5.cn%252FB%252F4VW20D%2524LK%2524OW-FH*8%2524787', 1, 1, '{该二维码解析的内容为=http://aax5.cn/B/4VW20D$LK$OW-FH*8$787, 该产品二维码为=4VW20D$LK$OW-FH*8$787}', 0, '2022-10-28 10:06:16');
INSERT INTO `this_query_url` VALUES ('cae70e1c85ac4249be6ec70c1b5be3b3', NULL, 'HTTP://AAX5.CN/B/1$6+0XXOXNK.J9RVSGGKL', 2, 2, '{data={\"productId\":356865690066042880,\"qcount\":4,\"destFactoryCode\":\"PLANT_CBGX0\",\"packLevel\":1,\"isActivated\":1,\"extendProperties\":{\"noticeOrderNo\":\"DD2022060210048_01\",\"marketPlatCode\":\"111940549314416681\",\"qcount\":\"3\",\"lng\":\"108.36689\",\"province\":\"广西壮族自治区\",\"activeType\":\"1\",\"city\":\"南宁市\",\"district\":\"青秀区\",\"cusFirstScanTime\":\"2022-10-31 14:00:01\",\"lat\":\"22.817436\"},\"productName\":\"勇闯500听21版广西刮刮卡\",\"tagBatchCreateDate\":\"\",\"dmCode\":\"\",\"productCode\":\"1010050204000003\",\"qrCode\":\"ka8Uwb1cxzHl-aMeVCu95OUr7oyEsAGrvpJLuNED7pY\",\"entCode\":\"hrxh0008\",\"enterpriseId\":45259876771655680,\"tagBatchId\":\"\",\"status\":70}, 该产品二维码为=1$6+0XXOXNK.J9RVSGGKL}', 0, '2022-10-31 14:26:44');
INSERT INTO `this_query_url` VALUES ('e28fdbb2b8d9470ba1ba69d9e3c72d8c', NULL, 'https://ty-gateway-common-inter.aax5.cn/wechat/web/gps?account=xhpj_wx00007f560e6313be&redirect_uri=https%3A%2F%2Fty-gateway-access-router.aax5.cn%2Fmss%2Fgps%2FcallbackNext%3Fcode%3Dhttp%253A%252F%252Faax5.cn%252FB%252FDFZN9N9ATZS9MQ2CR6*71', 1, 1, '{该二维码解析的内容为=http://aax5.cn/B/DFZN9N9ATZS9MQ2CR6*71, 该产品二维码为=DFZN9N9ATZS9MQ2CR6*71}', 0, '2022-10-28 11:22:16');
INSERT INTO `this_query_url` VALUES ('e8843d04959a44a6956462d7705490f7', NULL, 'https://ty-gateway-common-inter.aax5.cn/wechat/web/gps?account=xhpj_wx00007f560e6313be&redirect_uri=https%3A%2F%2Fty-gateway-access-router.aax5.cn%2Fmss%2Fgps%2FcallbackNext%3Fcode%3Dhttp%253A%252F%252Faax5.cn%252FB%252FVHB2Q5133LR9BX.F1I%253A2A', 1, 1, '{该二维码解析的内容为=http://aax5.cn/B/VHB2Q5133LR9BX.F1I:2A, 该产品二维码为=VHB2Q5133LR9BX.F1I:2A}', 0, '2022-10-28 11:28:22');
INSERT INTO `this_query_url` VALUES ('e9c01217f14b4501bf5ba8d3d19ed2f6', NULL, 'https://ty-gateway-common-inter.aax5.cn/wechat/web/gps?account=xhpj_wx00007f560e6313be&redirect_uri=https%3A%2F%2Fty-gateway-access-router.aax5.cn%2Fmss%2Fgps%2FcallbackNext%3Fcode%3Dhttp%253A%252F%252Faax5.cn%252FB%252FL1C%2524MDJ%253A.QDD*.-UM44M0', 1, 1, '{该二维码解析的内容为=http://aax5.cn/B/L1C$MDJ:.QDD*.-UM44M0, 该产品二维码为=L1C$MDJ:.QDD*.-UM44M0}', 0, '2022-10-28 11:21:13');
INSERT INTO `this_query_url` VALUES ('ea637bcb14d44c4ebc90c2ee48c11340', NULL, 'https://ty-gateway-common-inter.aax5.cn/wechat/web/gps?account=xhpj_wx00007f560e6313be&redirect_uri=https%3A%2F%2Fty-gateway-access-router.aax5.cn%2Fmss%2Fgps%2FcallbackNext%3Fcode%3Dhttp%253A%252F%252Faax5.cn%252FB%252FUOHBVBV3VF3C6%2524%253AERTVEK', 1, 1, '{该二维码解析的内容为=http://aax5.cn/B/UOHBVBV3VF3C6$:ERTVEK, 该产品二维码为=UOHBVBV3VF3C6$:ERTVEK}', 0, '2022-10-28 11:22:35');
INSERT INTO `this_query_url` VALUES ('f207d78cebf5477c8a679e4bb5b03a34', NULL, 'https://ty-gateway-common-inter.aax5.cn/wechat/web/gps?account=xhpj_wx00007f560e6313be&redirect_uri=https%3A%2F%2Fty-gateway-access-router.aax5.cn%2Fmss%2Fgps%2FcallbackNext%3Fcode%3Dhttp%253A%252F%252Faax5.cn%252FB%252FY8*O4JGS9JVT97S5068QH', 1, 1, '{该二维码解析的内容为=http://aax5.cn/B/Y8*O4JGS9JVT97S5068QH, 该产品二维码为=Y8*O4JGS9JVT97S5068QH}', 0, '2022-10-28 11:21:32');
INSERT INTO `this_query_url` VALUES ('f3fc78a016344d5487ee6b077a50e633', NULL, 'https://ty-gateway-common-inter.aax5.cn/wechat/web/gps?account=xhpj_wx00007f560e6313be&redirect_uri=https%3A%2F%2Fty-gateway-access-router.aax5.cn%2Fmss%2Fgps%2FcallbackNext%3Fcode%3Dhttp%253A%252F%252Faax5.cn%252FB%252F%252BIXF5E7VKNW%25245J%252BFTI%2524QZ', 1, 1, '{该二维码解析的内容为=http://aax5.cn/B/+IXF5E7VKNW$5J+FTI$QZ, 该产品二维码为=+IXF5E7VKNW$5J+FTI$QZ}', 0, '2022-10-28 11:20:22');
INSERT INTO `this_query_url` VALUES ('f43424aa62034a8fa3db0b149467bb43', NULL, 'https://ty-gateway-common-inter.aax5.cn/wechat/web/gps?account=xhpj_wx00007f560e6313be&redirect_uri=https%3A%2F%2Fty-gateway-access-router.aax5.cn%2Fmss%2Fgps%2FcallbackNext%3Fcode%3Dhttp%253A%252F%252Faax5.cn%252FB%252F4VW20D%2524LK%2524OW-FH*8%2524787', 2, 1, '{data={\"productId\":210417742840565760,\"qcount\":5,\"seqNum\":\"1035597905864\",\"destFactoryCode\":\"PLANT_CBZJ0\",\"packLevel\":2,\"isActivated\":1,\"extendProperties\":{\"noticeOrderNo\":\"DD2022051410005_01\",\"qcount\":\"5\",\"activeType\":\"1\"},\"productName\":\"雪花产品纸箱码\",\"tagBatchCreateDate\":\"\",\"dmCode\":\"5M13HD4HYG\",\"productCode\":\"310100100040001\",\"qrCode\":\"yoOI9UMbr4wIf1HwX21NbJ6kJD2wE-DEFnQDSeeqtTc\",\"entCode\":\"hrxh0008\",\"enterpriseId\":45259876771655680,\"tagBatchId\":\"\",\"status\":70}, 该二维码解析的内容为=http://aax5.cn/B/4VW20D$LK$OW-FH*8$787, 该产品二维码为=4VW20D$LK$OW-FH*8$787}', 0, '2022-10-28 10:06:28');

-- ----------------------------
-- Table structure for this_user
-- ----------------------------
DROP TABLE IF EXISTS `this_user`;
CREATE TABLE `this_user`  (
  `id` int NOT NULL AUTO_INCREMENT,
  `name` varchar(255) CHARACTER SET utf8mb4 COLLATE utf8mb4_general_ci NULL DEFAULT NULL,
  `pwd` varchar(255) CHARACTER SET utf8mb4 COLLATE utf8mb4_bin NULL DEFAULT NULL,
  `time` datetime NULL DEFAULT NULL,
  `tel` varchar(50) CHARACTER SET utf8mb4 COLLATE utf8mb4_bin NULL DEFAULT NULL COMMENT '电话',
  PRIMARY KEY (`id`) USING BTREE,
  INDEX `nameage`(`name` ASC) USING BTREE
) ENGINE = InnoDB AUTO_INCREMENT = 4 CHARACTER SET = utf8mb4 COLLATE = utf8mb4_bin ROW_FORMAT = Dynamic;

-- ----------------------------
-- Records of this_user
-- ----------------------------
INSERT INTO `this_user` VALUES (1, 'llt', '1', '2021-11-10 09:36:31', '15099999999');
INSERT INTO `this_user` VALUES (2, 'no', '2', '2021-11-10 09:36:40', '15099999999');
INSERT INTO `this_user` VALUES (3, '雪花', '3', '2022-10-20 15:35:52', '15099999999');

SET FOREIGN_KEY_CHECKS = 1;
